wavelength (nm),0,50,100,150,200,250,300,350,400,450,500,550,600,650,700
300,2.077027,2.030762,2.108298,2.06142,2.031083,2.065385,2.049332,2.067972,2.068833,2.077461,2.066118,2.062977,2.097679,2.099474,2.098798
301,2.008174,2.012303,1.999052,2.009828,2.001492,2.016109,2.028246,2.055581,2.006113,2.076013,2.014859,2.042868,2.041368,2.050451,2.059481
302,1.97798,1.977583,1.984691,1.969146,1.999989,2.002693,1.98237,1.992721,1.982623,1.985069,1.98853,2.023871,2.014941,2.004228,2.011659
303,1.935987,1.933034,1.944669,1.956571,1.942666,1.954429,1.935797,1.983065,1.964514,1.961662,1.946533,1.95347,1.962557,1.981353,1.96193
304,1.904012,1.891674,1.878912,1.904076,1.936898,1.910462,1.906267,1.929154,1.931568,1.94766,1.910182,1.905368,1.920226,1.93891,1.937593
305,1.886574,1.862247,1.877601,1.889042,1.866884,1.865639,1.87027,1.877021,1.873315,1.882146,1.883691,1.914734,1.871963,1.885713,1.896076
306,1.845908,1.848632,1.839256,1.85086,1.832102,1.858256,1.855977,1.833628,1.857453,1.829402,1.86062,1.865203,1.865067,1.86536,1.88929
307,1.787382,1.827007,1.809533,1.80206,1.80371,1.796973,1.81973,1.833975,1.830506,1.817481,1.832992,1.835288,1.835814,1.826368,1.836628
308,1.758233,1.775121,1.774077,1.788001,1.769128,1.794264,1.785004,1.81184,1.780223,1.782815,1.799463,1.789744,1.801817,1.773822,1.816984
309,1.746439,1.739213,1.741134,1.745324,1.741987,1.752008,1.75883,1.764631,1.766773,1.740003,1.777742,1.774348,1.76271,1.77505,1.774155
310,1.723888,1.734111,1.724033,1.708724,1.723338,1.734556,1.729745,1.720468,1.725309,1.733106,1.728544,1.747141,1.749695,1.743786,1.767834
311,1.686046,1.692519,1.69333,1.695657,1.693327,1.70535,1.697222,1.704974,1.723569,1.712179,1.724174,1.712051,1.721655,1.723232,1.73465
312,1.679716,1.678454,1.682076,1.690944,1.685443,1.688172,1.679816,1.687507,1.696257,1.678996,1.696501,1.70206,1.694914,1.708437,1.692581
313,1.656243,1.649714,1.664011,1.653706,1.666005,1.670667,1.663172,1.684509,1.68059,1.671427,1.659516,1.677318,1.675743,1.681553,1.669822
314,1.626362,1.63903,1.639216,1.62986,1.637633,1.641589,1.637697,1.658767,1.64397,1.654496,1.649899,1.652066,1.665328,1.664033,1.670913
315,1.601474,1.619289,1.617743,1.622606,1.618356,1.626916,1.628906,1.621101,1.646449,1.629316,1.635466,1.631413,1.640927,1.646787,1.649909
316,1.587922,1.586784,1.590705,1.592626,1.608062,1.601266,1.595057,1.613263,1.606821,1.598618,1.608831,1.622264,1.612777,1.610416,1.635386
317,1.566692,1.57137,1.573992,1.578183,1.577911,1.579702,1.589308,1.588291,1.592415,1.600418,1.596641,1.603227,1.587151,1.593765,1.612852
318,1.566058,1.573056,1.564911,1.578848,1.581398,1.572209,1.575951,1.573665,1.580477,1.581239,1.583466,1.581335,1.585895,1.583451,1.596761
319,1.544119,1.550222,1.546426,1.550987,1.556938,1.556607,1.553543,1.55863,1.565819,1.565473,1.564171,1.569373,1.56695,1.568581,1.583642
320,1.534953,1.530939,1.536383,1.534532,1.537194,1.532679,1.547141,1.548065,1.552963,1.545883,1.556924,1.549515,1.554913,1.563665,1.572455
321,1.523049,1.515793,1.515187,1.524156,1.527143,1.531652,1.528286,1.533283,1.532015,1.539049,1.541579,1.541405,1.548715,1.548815,1.547476
322,1.504624,1.505972,1.514416,1.511968,1.512771,1.517162,1.513573,1.513782,1.508957,1.516545,1.534953,1.532679,1.529769,1.525901,1.532535
323,1.49067,1.485275,1.48853,1.490819,1.486417,1.487595,1.486043,1.501928,1.506363,1.504771,1.490611,1.498808,1.503391,1.505334,1.515841
324,1.467484,1.463336,1.465628,1.472084,1.468192,1.476589,1.481643,1.47695,1.489112,1.48902,1.492952,1.493019,1.490501,1.498545,1.499638
325,1.453784,1.454919,1.455951,1.457597,1.456531,1.458335,1.46904,1.476893,1.464616,1.469433,1.475226,1.46975,1.478506,1.477306,1.490713
326,1.448275,1.441154,1.439422,1.44294,1.457148,1.449852,1.448323,1.459986,1.449574,1.462359,1.467644,1.467839,1.462448,1.46661,1.464039
327,1.436131,1.422789,1.429475,1.431054,1.4388,1.434776,1.43598,1.442717,1.437762,1.447429,1.454109,1.446033,1.445037,1.451135,1.460245
328,1.414521,1.410657,1.415079,1.417206,1.426918,1.432817,1.421566,1.429717,1.432158,1.439245,1.43387,1.434631,1.438934,1.439335,1.446499
329,1.396014,1.397656,1.404,1.410062,1.410366,1.410707,1.404433,1.419308,1.423797,1.422304,1.424752,1.423584,1.422123,1.430044,1.430577
330,1.395596,1.391214,1.389507,1.395459,1.399266,1.400221,1.406671,1.412549,1.408569,1.415469,1.410892,1.423644,1.418553,1.421546,1.418346
331,1.376531,1.365695,1.375122,1.374389,1.379726,1.38488,1.384018,1.393337,1.392476,1.391257,1.394604,1.39253,1.402395,1.401466,1.408818
332,1.358109,1.362471,1.367595,1.365042,1.373327,1.37252,1.380461,1.379804,1.374805,1.377908,1.384216,1.382407,1.389713,1.389132,1.389205
333,1.359653,1.352418,1.360685,1.358256,1.364108,1.36434,1.368386,1.372898,1.369329,1.369454,1.377127,1.374254,1.381093,1.372913,1.385346
334,1.34175,1.3491,1.352276,1.347838,1.348448,1.36356,1.351484,1.365292,1.363726,1.356204,1.369973,1.368264,1.369448,1.374239,1.376877
335,1.33022,1.336175,1.336099,1.338485,1.345695,1.351143,1.345312,1.348007,1.354922,1.35108,1.360647,1.360031,1.359188,1.366119,1.362779
336,1.323047,1.333426,1.332124,1.330719,1.335939,1.343746,1.341323,1.347302,1.345361,1.349582,1.350293,1.353862,1.354317,1.359452,1.361847
337,1.318601,1.329169,1.327051,1.326892,1.336588,1.335356,1.330272,1.338447,1.33656,1.343947,1.343457,1.344187,1.353671,1.345358,1.352345
338,1.320128,1.315948,1.324412,1.328877,1.327261,1.334085,1.322084,1.333678,1.343439,1.334348,1.341279,1.346721,1.346519,1.338251,1.349329
339,1.317064,1.314064,1.309366,1.317108,1.319556,1.320602,1.32726,1.333039,1.326934,1.336192,1.333,1.334782,1.335064,1.335988,1.34529
340,1.306026,1.311127,1.31363,1.310935,1.317931,1.319947,1.320717,1.325392,1.325089,1.324463,1.332955,1.334025,1.329411,1.326264,1.334249
341,1.303697,1.310408,1.306435,1.313551,1.312918,1.31898,1.324621,1.322426,1.321173,1.327085,1.329103,1.326971,1.329251,1.333681,1.334181
342,1.301952,1.300322,1.306522,1.306734,1.312959,1.316726,1.319423,1.321538,1.321478,1.319742,1.317856,1.326229,1.321891,1.328743,1.330219
343,1.302419,1.305882,1.307567,1.313253,1.311689,1.313687,1.317648,1.312447,1.32045,1.323463,1.324923,1.327129,1.327058,1.324272,1.331752
344,1.296782,1.298456,1.300149,1.305608,1.304204,1.314476,1.309834,1.314123,1.311043,1.316101,1.31964,1.319334,1.322478,1.323687,1.32418
345,1.300441,1.297498,1.304823,1.302719,1.307458,1.30503,1.313459,1.313029,1.317092,1.313347,1.322537,1.32499,1.321548,1.319595,1.324937
346,1.292205,1.296968,1.297756,1.299129,1.306065,1.301474,1.308504,1.30808,1.314189,1.310125,1.316931,1.313788,1.319025,1.320089,1.321428
347,1.289759,1.296314,1.296143,1.299904,1.303791,1.304403,1.305809,1.310641,1.313011,1.315541,1.311418,1.310646,1.31453,1.315488,1.317103
348,1.286327,1.289787,1.28927,1.290277,1.295011,1.298148,1.30016,1.300761,1.30482,1.306929,1.310348,1.306978,1.308254,1.312321,1.314456
349,1.2844,1.28366,1.287686,1.286515,1.293376,1.293421,1.29406,1.298399,1.30121,1.3079,1.303861,1.306196,1.304917,1.307033,1.311193
350,1.276152,1.283419,1.286399,1.287935,1.295031,1.297033,1.294781,1.298059,1.30526,1.30298,1.30284,1.305989,1.30752,1.307746,1.310869
351,1.277034,1.279899,1.277961,1.282488,1.288071,1.294875,1.291291,1.290228,1.288355,1.299242,1.301669,1.297349,1.295501,1.303943,1.300891
352,1.277815,1.270359,1.277936,1.279026,1.285963,1.284054,1.284519,1.287819,1.291836,1.295739,1.294833,1.29331,1.293557,1.299154,1.297292
353,1.268416,1.275075,1.273218,1.277375,1.278643,1.285459,1.282655,1.286837,1.290598,1.294773,1.290296,1.295039,1.290208,1.296527,1.298005
354,1.267482,1.271962,1.272413,1.268683,1.279545,1.280589,1.27932,1.281917,1.288066,1.286415,1.286299,1.289369,1.290184,1.290599,1.296478
355,1.261125,1.259405,1.261528,1.264791,1.27326,1.269711,1.274697,1.274853,1.280004,1.276937,1.284351,1.284253,1.28366,1.2796,1.284743
356,1.252277,1.253929,1.253327,1.258644,1.257472,1.262794,1.266374,1.269644,1.265557,1.274813,1.269071,1.279484,1.276526,1.278007,1.277978
357,1.249736,1.254067,1.252897,1.250294,1.256082,1.258683,1.264371,1.266021,1.26344,1.271099,1.267075,1.272293,1.275591,1.27117,1.275451
358,1.245594,1.242933,1.250248,1.250333,1.255454,1.252411,1.261007,1.260984,1.257236,1.265076,1.265529,1.269915,1.269701,1.266166,1.266839
359,1.241315,1.240045,1.239267,1.245601,1.248064,1.250837,1.252937,1.259121,1.25727,1.259665,1.263752,1.264106,1.260484,1.261734,1.264826
360,1.237664,1.232689,1.238464,1.241715,1.24598,1.243379,1.251559,1.249137,1.253175,1.255253,1.256087,1.256259,1.260017,1.260703,1.262304
361,1.2328,1.232369,1.235683,1.233666,1.238943,1.237553,1.246143,1.244812,1.247939,1.252006,1.253092,1.255478,1.253775,1.252683,1.255721
362,1.228951,1.228629,1.229008,1.23256,1.233473,1.237143,1.238835,1.24456,1.245815,1.24782,1.248515,1.249379,1.253922,1.250063,1.255985
363,1.224916,1.220777,1.228958,1.230593,1.228378,1.231462,1.236235,1.236852,1.241159,1.240108,1.241574,1.246307,1.247883,1.247484,1.253664
364,1.218783,1.218543,1.222042,1.220427,1.225607,1.230113,1.227892,1.23225,1.23385,1.236828,1.236336,1.238252,1.242895,1.2372,1.242898
365,1.209686,1.206964,1.218147,1.214265,1.217509,1.222468,1.223878,1.228355,1.228921,1.229879,1.23461,1.236703,1.23819,1.237735,1.238823
366,1.211804,1.21259,1.20989,1.220031,1.214466,1.223688,1.223132,1.2243,1.225025,1.229854,1.231986,1.228635,1.236866,1.232824,1.234231
367,1.205762,1.20552,1.212548,1.212931,1.21683,1.21619,1.222818,1.220246,1.220866,1.229953,1.227799,1.230454,1.233583,1.235573,1.235632
368,1.204139,1.210282,1.208181,1.213574,1.21525,1.220429,1.222256,1.223777,1.223752,1.226358,1.225686,1.233661,1.230767,1.23271,1.233708
369,1.203408,1.206044,1.206824,1.210685,1.209684,1.216751,1.221176,1.224072,1.223238,1.221625,1.225194,1.227276,1.229239,1.228764,1.232322
370,1.204735,1.203072,1.204417,1.207127,1.21357,1.213806,1.215543,1.22093,1.219204,1.223572,1.221171,1.229854,1.228308,1.229733,1.230197
371,1.206225,1.207502,1.208201,1.210859,1.215875,1.21897,1.220638,1.219344,1.226153,1.225525,1.224925,1.230196,1.224334,1.232801,1.230717
372,1.206177,1.206865,1.206677,1.206549,1.215235,1.211809,1.219455,1.221121,1.21965,1.222998,1.225598,1.224901,1.227629,1.236001,1.227389
373,1.154761,1.155107,1.157216,1.162555,1.161219,1.165503,1.169948,1.170163,1.168929,1.173379,1.176839,1.175115,1.176992,1.178427,1.181076
374,1.155631,1.151363,1.152034,1.161155,1.164248,1.165864,1.165074,1.171207,1.168913,1.17167,1.173361,1.173874,1.174174,1.174758,1.179261
375,1.157346,1.153736,1.158961,1.161692,1.165208,1.167035,1.1695,1.172226,1.170997,1.173282,1.174998,1.176784,1.178768,1.178734,1.183139
376,1.15388,1.154478,1.162242,1.161771,1.162488,1.166521,1.169499,1.172706,1.170833,1.177942,1.177744,1.176506,1.177845,1.175904,1.180405
377,1.160332,1.160275,1.162411,1.16196,1.167493,1.170907,1.172681,1.17318,1.17244,1.177301,1.175941,1.17842,1.179497,1.180332,1.184296
378,1.159644,1.159229,1.164114,1.165124,1.169306,1.169999,1.170934,1.174335,1.175202,1.174844,1.177335,1.18083,1.180026,1.180554,1.18273
379,1.161629,1.160352,1.168383,1.165658,1.166208,1.169156,1.173373,1.176012,1.177236,1.180118,1.180209,1.181524,1.182711,1.182235,1.184374
380,1.161917,1.162101,1.163823,1.165848,1.168457,1.173946,1.173874,1.17703,1.179937,1.180899,1.179624,1.18107,1.181082,1.185153,1.185592
381,1.162878,1.163993,1.164998,1.166829,1.171476,1.173616,1.17463,1.176875,1.180157,1.180167,1.181496,1.183172,1.184182,1.185598,1.185606
382,1.161305,1.165657,1.163462,1.167024,1.172726,1.173535,1.177227,1.176797,1.179241,1.181163,1.180285,1.18512,1.184645,1.182776,1.185686
383,1.165118,1.16666,1.166128,1.170439,1.171202,1.176666,1.17569,1.179752,1.180906,1.183422,1.180338,1.183312,1.187987,1.184227,1.190092
384,1.162845,1.165451,1.165333,1.168615,1.170762,1.175539,1.175639,1.178866,1.178709,1.176892,1.183057,1.182462,1.183616,1.184713,1.191261
385,1.163378,1.163149,1.165503,1.167624,1.168666,1.173182,1.172341,1.176561,1.180366,1.179003,1.18055,1.183961,1.181365,1.180689,1.185654
386,1.163117,1.161032,1.166335,1.170206,1.170628,1.168248,1.17146,1.177021,1.177476,1.179692,1.180669,1.18302,1.183549,1.181353,1.184346
387,1.162144,1.161639,1.163991,1.162347,1.16783,1.173674,1.172737,1.172502,1.173624,1.176184,1.177971,1.183266,1.181914,1.182653,1.182425
388,1.160385,1.161589,1.162009,1.163034,1.168949,1.171913,1.16887,1.175902,1.176546,1.174474,1.178932,1.179274,1.178062,1.180295,1.183989
389,1.156584,1.155822,1.159457,1.162586,1.163736,1.168667,1.169935,1.17264,1.174096,1.174556,1.17384,1.179994,1.177511,1.177797,1.180418
390,1.156274,1.155117,1.15878,1.158923,1.161064,1.164348,1.168265,1.166671,1.168476,1.170489,1.17261,1.176466,1.176442,1.176368,1.180638
391,1.150278,1.153624,1.155304,1.158781,1.15858,1.162487,1.165573,1.166271,1.169373,1.17389,1.169719,1.172616,1.173831,1.174186,1.177945
392,1.150389,1.151748,1.153379,1.155955,1.158168,1.159034,1.162479,1.163741,1.164096,1.166505,1.168532,1.171571,1.172173,1.171169,1.176628
393,1.147344,1.148203,1.150164,1.149826,1.156467,1.160031,1.159167,1.16084,1.166117,1.163992,1.163377,1.169754,1.167625,1.167544,1.171889
394,1.146895,1.146099,1.146764,1.149437,1.152714,1.15499,1.158664,1.161318,1.159628,1.162212,1.161847,1.167236,1.16425,1.165189,1.169226
395,1.141643,1.141281,1.143985,1.146953,1.15203,1.154516,1.156528,1.156616,1.157586,1.160003,1.158674,1.15963,1.161371,1.161651,1.164851
396,1.13944,1.141484,1.140717,1.144228,1.145837,1.149001,1.150563,1.154613,1.154284,1.155513,1.15638,1.157358,1.158184,1.162021,1.164104
397,1.138924,1.14018,1.140018,1.143783,1.147642,1.146135,1.148691,1.153761,1.151528,1.15347,1.154514,1.157844,1.157347,1.156797,1.162571
398,1.135068,1.136172,1.137446,1.138326,1.140422,1.145175,1.146567,1.148634,1.152317,1.15119,1.154478,1.153723,1.154937,1.153147,1.15629
399,1.131916,1.135243,1.138225,1.136533,1.140304,1.143929,1.145938,1.148723,1.147772,1.150286,1.151833,1.152429,1.151826,1.15335,1.156201
400,1.132569,1.13236,1.135147,1.137535,1.140288,1.1432,1.144124,1.148044,1.147132,1.14827,1.150086,1.152664,1.152657,1.151957,1.156984
401,1.131678,1.130746,1.135233,1.134037,1.13739,1.14133,1.144188,1.146337,1.14837,1.14973,1.149808,1.152636,1.153193,1.152932,1.155218
402,1.130552,1.127776,1.133449,1.135556,1.138158,1.139728,1.142616,1.145434,1.145459,1.148243,1.150907,1.151094,1.150436,1.150268,1.153033
403,1.129348,1.126672,1.130197,1.133508,1.134536,1.138077,1.139117,1.141317,1.143935,1.147419,1.147774,1.14507,1.14758,1.148871,1.151742
404,1.129054,1.1282,1.129315,1.134366,1.13585,1.140134,1.140856,1.140267,1.144871,1.143628,1.147497,1.147517,1.149139,1.149825,1.152311
405,1.127105,1.127348,1.129247,1.132639,1.13422,1.137966,1.139227,1.143225,1.141841,1.143876,1.145834,1.147789,1.147597,1.147598,1.149632
406,1.126683,1.127384,1.129796,1.131941,1.132769,1.135052,1.138176,1.139582,1.142363,1.141934,1.145418,1.146051,1.145948,1.145314,1.149984
407,1.126149,1.128368,1.127915,1.129632,1.133347,1.135772,1.138274,1.139423,1.140822,1.144872,1.146366,1.144824,1.14448,1.146029,1.15057
408,1.124411,1.12508,1.126811,1.130397,1.133457,1.133935,1.137142,1.138847,1.138706,1.141195,1.141362,1.145107,1.14642,1.1449,1.147507
409,1.123796,1.1235,1.126764,1.126914,1.131247,1.132143,1.134527,1.136776,1.140572,1.140203,1.141594,1.141335,1.144547,1.144344,1.146299
410,1.122414,1.12372,1.125583,1.128304,1.129771,1.131472,1.136483,1.136831,1.139437,1.140121,1.139406,1.143527,1.144418,1.145019,1.143598
411,1.122061,1.123446,1.125832,1.128376,1.130211,1.132883,1.134886,1.135223,1.137595,1.139877,1.140369,1.141469,1.14312,1.140911,1.144376
412,1.123177,1.123622,1.125226,1.128414,1.129626,1.133449,1.134994,1.134842,1.139807,1.136054,1.140176,1.141966,1.142596,1.14369,1.146867
413,1.122596,1.122948,1.125238,1.125174,1.130318,1.128547,1.131167,1.134291,1.13807,1.137442,1.141368,1.140427,1.141457,1.142276,1.14145
414,1.120921,1.124661,1.123012,1.125378,1.128345,1.129844,1.132462,1.13383,1.1344,1.136958,1.1374,1.14099,1.141125,1.139576,1.14701
415,1.124762,1.120899,1.125032,1.125888,1.128453,1.130378,1.134213,1.134629,1.136315,1.138183,1.138968,1.14269,1.143426,1.143742,1.144593
416,1.12386,1.121777,1.125264,1.128171,1.129973,1.133478,1.133818,1.137509,1.138215,1.138751,1.139559,1.141808,1.141875,1.13985,1.143906
417,1.122593,1.126143,1.124832,1.128754,1.130284,1.134864,1.133868,1.137417,1.136856,1.137844,1.140137,1.138397,1.141939,1.143543,1.145121
418,1.123535,1.125098,1.124803,1.128208,1.130018,1.134247,1.135457,1.137674,1.137887,1.140107,1.141796,1.142311,1.142405,1.142701,1.145554
419,1.125075,1.124856,1.127403,1.130577,1.133137,1.133481,1.137308,1.137655,1.140126,1.139536,1.143095,1.143945,1.143685,1.144554,1.14588
420,1.124966,1.125873,1.127256,1.130696,1.132396,1.135507,1.136133,1.138103,1.140241,1.140147,1.142221,1.144262,1.145387,1.143716,1.146031
421,1.126209,1.126978,1.129792,1.129212,1.133665,1.135067,1.13849,1.141123,1.141071,1.142501,1.142253,1.142129,1.14381,1.144472,1.147747
422,1.129886,1.129133,1.1311,1.131733,1.1366,1.14023,1.139823,1.141286,1.142553,1.143595,1.145172,1.145926,1.146978,1.145593,1.149593
423,1.129995,1.129074,1.133152,1.134039,1.13549,1.138017,1.141388,1.140905,1.143216,1.14564,1.143438,1.146653,1.145859,1.144776,1.14917
424,1.131696,1.132619,1.132317,1.133814,1.1381,1.13824,1.140274,1.143336,1.145827,1.145725,1.147144,1.148848,1.148378,1.14699,1.151596
425,1.130026,1.129627,1.132317,1.133753,1.136815,1.138977,1.140913,1.143662,1.144412,1.144679,1.143832,1.147567,1.148468,1.14623,1.149541
426,1.132449,1.130654,1.131967,1.137367,1.138691,1.139709,1.143788,1.144824,1.143479,1.144729,1.147275,1.149369,1.14815,1.149427,1.151663
427,1.135955,1.132229,1.135626,1.138267,1.138941,1.14181,1.142398,1.146878,1.145488,1.146271,1.147552,1.151364,1.149858,1.150976,1.15127
428,1.132917,1.132876,1.132784,1.137164,1.139364,1.142087,1.143657,1.14394,1.1457,1.145505,1.145926,1.149363,1.149068,1.150318,1.151453
429,1.135418,1.135042,1.134808,1.136966,1.139482,1.140547,1.143404,1.146472,1.148347,1.146453,1.148392,1.150232,1.150089,1.151758,1.151617
430,1.136594,1.136569,1.137893,1.139156,1.141793,1.144014,1.14625,1.146046,1.148704,1.148852,1.148992,1.150546,1.150652,1.152319,1.15452
431,1.135287,1.135115,1.137756,1.137364,1.141401,1.144619,1.145473,1.146382,1.146359,1.148928,1.148772,1.149834,1.151591,1.151714,1.152256
432,1.135978,1.137933,1.139366,1.141508,1.143697,1.14539,1.14953,1.150217,1.148983,1.150934,1.150603,1.152406,1.153755,1.155482,1.154571
433,1.13914,1.138791,1.138952,1.140005,1.143143,1.145929,1.14814,1.149515,1.151718,1.150714,1.153204,1.154621,1.153318,1.155735,1.157409
434,1.139583,1.137816,1.139935,1.14246,1.145071,1.147139,1.149508,1.150555,1.152075,1.152151,1.153417,1.154989,1.155688,1.154855,1.15759
435,1.140249,1.14061,1.142413,1.143045,1.147022,1.148369,1.149687,1.150371,1.15268,1.153569,1.153559,1.155172,1.157854,1.156074,1.158501
436,1.141622,1.141917,1.142952,1.146829,1.148233,1.150964,1.149354,1.151052,1.153141,1.155447,1.156569,1.156496,1.156575,1.156569,1.158423
437,1.143615,1.142372,1.143851,1.145422,1.148443,1.150495,1.154409,1.155235,1.153315,1.156853,1.157636,1.157122,1.15864,1.159693,1.158544
438,1.143759,1.143169,1.14407,1.148285,1.14925,1.152881,1.155029,1.155445,1.157641,1.157611,1.158404,1.158501,1.157666,1.161007,1.160043
439,1.142194,1.140758,1.145803,1.146622,1.147502,1.151934,1.153202,1.155733,1.158103,1.155358,1.155998,1.160421,1.15928,1.158966,1.158213
440,1.142722,1.144027,1.14599,1.147202,1.151401,1.150881,1.152757,1.155479,1.157715,1.157188,1.158189,1.160358,1.160737,1.160742,1.161025
441,1.143389,1.143466,1.144463,1.144442,1.149361,1.150655,1.153687,1.156546,1.155929,1.155999,1.157142,1.158162,1.160352,1.159438,1.15873
442,1.142876,1.142956,1.14493,1.147817,1.149596,1.150891,1.155685,1.15579,1.15632,1.155916,1.158546,1.158772,1.158207,1.158192,1.160349
443,1.141176,1.143458,1.144864,1.14679,1.150364,1.150394,1.154264,1.155568,1.155922,1.155957,1.156204,1.158454,1.158786,1.158908,1.158611
444,1.143788,1.143205,1.144846,1.147277,1.149552,1.152074,1.153684,1.153095,1.156401,1.155876,1.156556,1.158855,1.158145,1.15963,1.159613
445,1.142508,1.140875,1.14173,1.145125,1.147491,1.147061,1.15366,1.15434,1.154699,1.153342,1.157358,1.155795,1.156887,1.159632,1.157801
446,1.141502,1.143208,1.142847,1.14533,1.148853,1.149334,1.151065,1.152853,1.152882,1.152969,1.153833,1.158014,1.158198,1.157675,1.159907
447,1.140402,1.140887,1.142741,1.145844,1.146721,1.148729,1.148576,1.151816,1.153201,1.15439,1.1553,1.156426,1.155613,1.157745,1.157082
448,1.140351,1.138942,1.14167,1.142609,1.145669,1.146433,1.149949,1.150954,1.15102,1.15116,1.154924,1.154588,1.153353,1.154456,1.154705
449,1.135791,1.137826,1.140119,1.141811,1.144173,1.144706,1.147336,1.152211,1.150862,1.15111,1.151838,1.152488,1.152036,1.153025,1.154413
450,1.136165,1.132564,1.135538,1.140323,1.142686,1.141339,1.143982,1.147595,1.147478,1.148031,1.147532,1.151796,1.152346,1.150296,1.150777
451,1.133465,1.134071,1.133392,1.134533,1.139172,1.141775,1.145561,1.145489,1.146048,1.14656,1.146503,1.149114,1.150312,1.150558,1.149153
452,1.133018,1.132823,1.13507,1.140379,1.138831,1.139985,1.142839,1.143925,1.145657,1.145407,1.147996,1.144752,1.150121,1.150786,1.150404
453,1.129381,1.130315,1.132503,1.134999,1.137171,1.138418,1.140559,1.141094,1.141698,1.145019,1.144135,1.144689,1.1483,1.146947,1.149195
454,1.128393,1.127817,1.130955,1.134118,1.134767,1.139266,1.140171,1.140768,1.140771,1.143568,1.142288,1.145889,1.146454,1.145573,1.145573
455,1.128239,1.127969,1.130366,1.131135,1.134902,1.135193,1.138079,1.139504,1.140456,1.140334,1.141726,1.145696,1.146412,1.145245,1.143056
456,1.123994,1.124854,1.126123,1.128154,1.130556,1.133178,1.133843,1.137827,1.136786,1.13807,1.139131,1.140345,1.14034,1.141061,1.140826
457,1.125029,1.123049,1.125441,1.129467,1.13158,1.132985,1.134177,1.13476,1.136901,1.139287,1.137269,1.139765,1.140646,1.141183,1.140307
458,1.1224,1.120658,1.123892,1.127405,1.128436,1.130909,1.131116,1.132445,1.135466,1.134612,1.136851,1.137784,1.136842,1.13839,1.137117
459,1.122532,1.121,1.122401,1.124111,1.12833,1.130716,1.130122,1.132645,1.132056,1.133219,1.136488,1.137413,1.1364,1.135771,1.13757
460,1.11831,1.11949,1.119686,1.122545,1.12513,1.126681,1.128164,1.128379,1.130075,1.131332,1.132412,1.13319,1.134428,1.134997,1.135885
461,1.116074,1.117141,1.118236,1.118804,1.124035,1.125028,1.127707,1.126351,1.128104,1.128479,1.131592,1.132046,1.131038,1.131615,1.132686
462,1.116157,1.118265,1.118784,1.118695,1.122551,1.123913,1.127486,1.128497,1.127281,1.130624,1.129292,1.130418,1.130955,1.131904,1.132926
463,1.115316,1.112697,1.115116,1.11852,1.1215,1.121995,1.126287,1.124528,1.127503,1.129224,1.128817,1.131224,1.130312,1.130553,1.132155
464,1.115149,1.11515,1.115255,1.117157,1.120399,1.121691,1.123384,1.124679,1.127245,1.128087,1.129807,1.128524,1.131148,1.130703,1.134019
465,1.112685,1.114499,1.114954,1.118561,1.119738,1.120751,1.123565,1.124892,1.12541,1.126399,1.12859,1.128088,1.128796,1.129769,1.130321
466,1.113113,1.11203,1.11502,1.116579,1.119957,1.122109,1.123779,1.123875,1.124132,1.12796,1.128237,1.128483,1.128391,1.129924,1.129407
467,1.110976,1.11193,1.114431,1.116025,1.119789,1.121181,1.122908,1.124074,1.125402,1.126392,1.128453,1.128018,1.126964,1.12845,1.130069
468,1.111563,1.113195,1.115641,1.116442,1.118686,1.120708,1.123126,1.125289,1.126261,1.126912,1.12458,1.127789,1.128363,1.127767,1.130294
469,1.11365,1.11157,1.115176,1.11598,1.120244,1.120373,1.121709,1.124483,1.12683,1.124966,1.127399,1.129058,1.127949,1.127065,1.129999
470,1.113942,1.113458,1.115291,1.116479,1.119859,1.120408,1.123773,1.123176,1.126601,1.126574,1.127535,1.128112,1.128802,1.129652,1.128559
471,1.115351,1.113832,1.11443,1.117515,1.117965,1.121497,1.122504,1.125982,1.125909,1.126981,1.12854,1.128435,1.129025,1.128926,1.128532
472,1.114262,1.115946,1.11581,1.121516,1.121258,1.123255,1.124318,1.125766,1.126454,1.127499,1.129629,1.129734,1.131623,1.131416,1.132431
473,1.115874,1.114444,1.117156,1.119092,1.123138,1.124081,1.123917,1.12734,1.127301,1.128761,1.130284,1.131757,1.133218,1.132443,1.133771
474,1.115579,1.117101,1.117536,1.118571,1.123542,1.123311,1.127993,1.12771,1.129516,1.129441,1.130285,1.132246,1.132923,1.132406,1.131489
475,1.118704,1.118827,1.122156,1.123405,1.124363,1.125222,1.128663,1.127389,1.130388,1.129917,1.133054,1.133355,1.133748,1.134544,1.134328
476,1.117393,1.119664,1.119962,1.121397,1.125445,1.127071,1.127695,1.128225,1.131462,1.13157,1.132965,1.134251,1.133499,1.136168,1.135245
477,1.11935,1.120091,1.123634,1.12252,1.126508,1.127912,1.129659,1.13062,1.133868,1.133049,1.134439,1.133992,1.13488,1.134449,1.136424
478,1.123663,1.122277,1.123574,1.127483,1.127974,1.129311,1.129968,1.132917,1.133293,1.135503,1.136399,1.136951,1.137992,1.139197,1.137164
479,1.123778,1.123026,1.124377,1.125551,1.128119,1.131925,1.130743,1.134141,1.134606,1.137118,1.136544,1.138784,1.139389,1.138378,1.138729
480,1.124339,1.125499,1.126969,1.12772,1.129435,1.131273,1.132789,1.13596,1.135428,1.135489,1.136596,1.138749,1.138003,1.141259,1.138664
481,1.125988,1.125868,1.125938,1.130665,1.131567,1.132751,1.134898,1.137123,1.136907,1.138612,1.139355,1.139504,1.139746,1.139959,1.141024
482,1.128607,1.127921,1.129997,1.130869,1.134286,1.135606,1.13777,1.137958,1.13814,1.140383,1.14052,1.143664,1.142254,1.142658,1.143448
483,1.130121,1.131433,1.132422,1.133399,1.135813,1.136423,1.139006,1.140416,1.140162,1.14227,1.143696,1.14377,1.144258,1.146057,1.145582
484,1.130506,1.131156,1.13153,1.134673,1.138109,1.139471,1.140389,1.142424,1.143138,1.143554,1.143717,1.145666,1.145976,1.145661,1.146396
485,1.131045,1.133353,1.132777,1.136665,1.137693,1.140204,1.140492,1.143295,1.144073,1.145322,1.144588,1.146977,1.147535,1.148439,1.146997
486,1.134236,1.135026,1.134374,1.135365,1.13878,1.140964,1.142304,1.144741,1.144181,1.146441,1.147066,1.14818,1.147594,1.147571,1.147977
487,1.13347,1.133156,1.136867,1.136441,1.140273,1.141929,1.143769,1.143209,1.146813,1.146092,1.146897,1.148557,1.149621,1.147705,1.148901
488,1.135415,1.136567,1.137498,1.139057,1.141065,1.144382,1.144745,1.147024,1.14811,1.15014,1.149501,1.149491,1.149272,1.151812,1.148379
489,1.136843,1.136329,1.138184,1.140674,1.143024,1.144006,1.144026,1.14711,1.147026,1.148501,1.150268,1.149442,1.150969,1.1513,1.150478
490,1.136872,1.137954,1.139637,1.139471,1.144066,1.145417,1.147252,1.149832,1.147903,1.150683,1.150322,1.151619,1.153475,1.153205,1.150833
491,1.139401,1.138062,1.140942,1.142608,1.143743,1.147562,1.147909,1.150558,1.150043,1.151869,1.151095,1.152777,1.152514,1.153265,1.152502
492,1.138922,1.140357,1.140812,1.14326,1.145353,1.147641,1.148894,1.150026,1.151933,1.153071,1.154316,1.154325,1.153883,1.155147,1.152673
493,1.142945,1.140823,1.143335,1.143144,1.145342,1.148641,1.15049,1.151549,1.152415,1.152732,1.153936,1.15571,1.156838,1.155428,1.153881
494,1.141274,1.141705,1.143534,1.145331,1.148721,1.149554,1.149937,1.152657,1.153645,1.154713,1.1559,1.156104,1.155943,1.156134,1.1557
495,1.142715,1.141833,1.143994,1.145188,1.147471,1.150135,1.153124,1.153857,1.154242,1.156249,1.155451,1.158428,1.157549,1.156695,1.156035
496,1.142686,1.141958,1.142301,1.14617,1.148193,1.149393,1.151509,1.152803,1.153719,1.154142,1.157571,1.155779,1.156735,1.155947,1.155863
497,1.145325,1.146828,1.146526,1.147952,1.150729,1.152054,1.15328,1.154938,1.15298,1.156247,1.156498,1.158454,1.158841,1.159366,1.158871
498,1.141778,1.145723,1.144973,1.146671,1.148726,1.152231,1.152554,1.155789,1.155248,1.157146,1.158062,1.158952,1.158229,1.158646,1.157674
499,1.144046,1.144632,1.145352,1.146874,1.150199,1.153234,1.155053,1.156792,1.156776,1.158431,1.158894,1.159112,1.160001,1.159982,1.159716
500,1.143798,1.145324,1.144777,1.148848,1.153179,1.153793,1.153049,1.156165,1.157856,1.156868,1.159885,1.160122,1.159593,1.160608,1.158845
501,1.143633,1.147065,1.14832,1.149723,1.150889,1.153966,1.155057,1.155206,1.157007,1.158018,1.157121,1.159553,1.159672,1.160063,1.160356
502,1.144417,1.1477,1.146537,1.148008,1.152496,1.153049,1.156494,1.156799,1.157015,1.158471,1.159873,1.160457,1.160724,1.161734,1.159866
503,1.146256,1.146437,1.146147,1.148814,1.152803,1.154166,1.155613,1.156504,1.157648,1.158431,1.160976,1.162281,1.159717,1.159519,1.159654
504,1.144399,1.145725,1.145763,1.148803,1.151287,1.153503,1.155321,1.156615,1.15795,1.157052,1.162737,1.161914,1.160417,1.162305,1.159559
505,1.146416,1.145377,1.147865,1.148971,1.151864,1.154945,1.154927,1.153683,1.158489,1.156796,1.159205,1.16039,1.16032,1.161032,1.159507
506,1.145392,1.14289,1.149023,1.147852,1.150228,1.153942,1.155235,1.157106,1.155231,1.156569,1.160936,1.161486,1.161155,1.159638,1.1587
507,1.144991,1.145027,1.14579,1.148702,1.151736,1.153777,1.15496,1.154782,1.156139,1.157009,1.158792,1.160062,1.161054,1.159435,1.160497
508,1.143521,1.145668,1.146588,1.148234,1.150427,1.154075,1.155268,1.154318,1.156155,1.158923,1.15943,1.159573,1.160009,1.159925,1.158775
509,1.144071,1.14279,1.146792,1.147359,1.152388,1.153393,1.153668,1.155055,1.157974,1.157702,1.160545,1.161689,1.16121,1.161598,1.157214
510,1.142711,1.1428,1.143754,1.14901,1.151049,1.150996,1.153342,1.15497,1.153699,1.15669,1.158077,1.158131,1.15872,1.157292,1.157663
511,1.141149,1.142621,1.145023,1.145569,1.150857,1.152506,1.153358,1.154333,1.154835,1.15792,1.157569,1.158081,1.157954,1.157945,1.157179
512,1.140568,1.141314,1.14417,1.144274,1.14615,1.15009,1.151753,1.15344,1.155606,1.155012,1.156703,1.157414,1.158096,1.157734,1.156201
513,1.141517,1.140647,1.143788,1.144618,1.147968,1.14934,1.151564,1.153206,1.15382,1.153687,1.155766,1.158171,1.156536,1.15795,1.154893
514,1.138534,1.139806,1.143258,1.143993,1.148455,1.150766,1.153509,1.15392,1.154269,1.154251,1.156493,1.157878,1.158185,1.156883,1.157641
515,1.139063,1.137423,1.140804,1.143746,1.145821,1.148764,1.151144,1.150739,1.151574,1.153006,1.154045,1.155464,1.156811,1.156326,1.154887
516,1.137628,1.137405,1.14018,1.141642,1.145285,1.147773,1.148111,1.151026,1.152555,1.15129,1.151678,1.153666,1.152785,1.156333,1.155159
517,1.135799,1.136652,1.138801,1.140939,1.144268,1.146977,1.150429,1.151856,1.151286,1.152005,1.153608,1.154981,1.15581,1.154235,1.15384
518,1.134051,1.136376,1.138447,1.140408,1.143806,1.144723,1.147608,1.149299,1.151442,1.151954,1.150416,1.152012,1.152431,1.154987,1.154611
519,1.133312,1.13407,1.137225,1.138635,1.142526,1.144233,1.144106,1.147812,1.149386,1.14958,1.1508,1.15106,1.151396,1.153103,1.151153
520,1.132714,1.13117,1.135567,1.136613,1.140273,1.14201,1.144103,1.146356,1.145041,1.148351,1.148189,1.150179,1.149445,1.151188,1.147932
521,1.129712,1.131792,1.134166,1.136267,1.139911,1.142349,1.142871,1.146772,1.146365,1.147434,1.148866,1.149655,1.148555,1.1517,1.149204
522,1.129766,1.130589,1.132647,1.135107,1.140444,1.14007,1.142698,1.143139,1.144363,1.146047,1.146634,1.147857,1.145713,1.149673,1.148831
523,1.127251,1.128452,1.130599,1.132329,1.135478,1.139756,1.14021,1.143087,1.141855,1.143677,1.146735,1.146511,1.148139,1.14739,1.145612
524,1.127185,1.126921,1.127146,1.131587,1.135761,1.136251,1.139521,1.141554,1.143131,1.142336,1.143842,1.145086,1.145001,1.148314,1.143265
525,1.125452,1.127784,1.128163,1.129856,1.134892,1.134872,1.137693,1.138412,1.141121,1.1437,1.142907,1.146066,1.145486,1.146194,1.14451
526,1.12494,1.124412,1.124654,1.130032,1.132168,1.133859,1.135072,1.138272,1.138756,1.141662,1.142276,1.141803,1.142337,1.143917,1.142962
527,1.121081,1.12262,1.124901,1.12692,1.130518,1.131981,1.135869,1.135774,1.138636,1.138958,1.140507,1.142159,1.142312,1.14232,1.140994
528,1.119452,1.122272,1.12364,1.124183,1.12803,1.132772,1.133615,1.135679,1.136515,1.137038,1.141589,1.141474,1.139692,1.143174,1.141347
529,1.118575,1.117969,1.121525,1.125233,1.128846,1.130914,1.133943,1.134074,1.136233,1.135104,1.137011,1.138011,1.140482,1.138692,1.139044
530,1.118005,1.118201,1.12236,1.123663,1.126891,1.12983,1.130424,1.133012,1.133156,1.13452,1.136331,1.138138,1.142159,1.139444,1.138176
531,1.115137,1.11469,1.118184,1.121483,1.125111,1.125254,1.129264,1.131443,1.133226,1.134739,1.134485,1.138768,1.136943,1.1364,1.135698
532,1.114224,1.115268,1.116432,1.119796,1.125701,1.126354,1.130065,1.128425,1.133586,1.132785,1.135463,1.134465,1.136191,1.135755,1.137791
533,1.113458,1.115975,1.116319,1.118659,1.12339,1.126693,1.128735,1.131104,1.128874,1.134498,1.132043,1.135097,1.136354,1.134291,1.135812
534,1.112382,1.113689,1.115869,1.11942,1.121918,1.124434,1.127853,1.128644,1.12848,1.130932,1.131542,1.133414,1.136217,1.135058,1.133793
535,1.109605,1.112694,1.114125,1.116682,1.121796,1.124368,1.12716,1.130763,1.128028,1.129444,1.132537,1.134319,1.134174,1.134364,1.134867
536,1.112713,1.109084,1.11397,1.115799,1.121222,1.122342,1.124883,1.125772,1.129876,1.130368,1.132923,1.134317,1.136275,1.13499,1.131711
537,1.138243,1.137221,1.140633,1.146155,1.149795,1.151745,1.154539,1.157032,1.15801,1.160381,1.161075,1.162521,1.163129,1.165236,1.161647
538,1.137945,1.138533,1.142103,1.145133,1.146817,1.15303,1.154031,1.156094,1.157482,1.160062,1.162433,1.162825,1.162663,1.164084,1.162759
539,1.136439,1.13593,1.140415,1.144706,1.148501,1.151088,1.154123,1.156637,1.158023,1.157212,1.159938,1.162325,1.163599,1.163202,1.163724
540,1.13667,1.135428,1.137965,1.142131,1.146609,1.148818,1.152406,1.155087,1.157526,1.157004,1.159718,1.163084,1.161417,1.163193,1.160525
541,1.132191,1.1329,1.134768,1.139511,1.14387,1.146325,1.148215,1.152416,1.152567,1.153074,1.15556,1.157335,1.158907,1.158965,1.15891
542,1.130632,1.129537,1.134264,1.138036,1.142083,1.145448,1.146448,1.151304,1.150445,1.153865,1.15415,1.155577,1.156824,1.157861,1.156665
543,1.130323,1.128726,1.131992,1.137157,1.140144,1.144313,1.146435,1.1495,1.152114,1.152024,1.154821,1.156328,1.157113,1.159142,1.1556
544,1.129661,1.129014,1.131818,1.135245,1.141486,1.142954,1.147969,1.148931,1.151336,1.152079,1.154,1.156134,1.157279,1.159208,1.154373
545,1.125643,1.126064,1.130239,1.133053,1.137571,1.141686,1.145742,1.146813,1.15,1.150464,1.150865,1.154678,1.154688,1.155527,1.15386
546,1.125146,1.125201,1.128933,1.135312,1.136271,1.140123,1.144267,1.145182,1.146823,1.149199,1.149883,1.153265,1.151414,1.154592,1.152543
547,1.122955,1.123559,1.127887,1.130836,1.136048,1.139582,1.140694,1.144832,1.148442,1.148854,1.149555,1.15278,1.154742,1.152666,1.151395
548,1.122,1.120844,1.125807,1.128809,1.134676,1.137393,1.141559,1.142359,1.145601,1.146893,1.14917,1.150968,1.152102,1.151447,1.151372
549,1.119144,1.12095,1.122963,1.129125,1.134208,1.136343,1.140167,1.144317,1.145731,1.147325,1.146455,1.149961,1.152052,1.150787,1.149339
550,1.119772,1.122067,1.123454,1.128712,1.13232,1.133942,1.13906,1.141562,1.144848,1.146243,1.145842,1.147997,1.150345,1.150515,1.148387
551,1.119416,1.120422,1.122875,1.125512,1.13012,1.13689,1.138714,1.143041,1.144257,1.143813,1.146854,1.149619,1.151429,1.150573,1.148121
552,1.120512,1.118069,1.122024,1.125996,1.133113,1.135957,1.139659,1.140712,1.1423,1.145376,1.145525,1.150048,1.150525,1.152346,1.149576
553,1.115967,1.117094,1.122162,1.126688,1.129659,1.135713,1.139432,1.140261,1.143439,1.145631,1.146343,1.14779,1.147945,1.150964,1.148715
554,1.116393,1.114846,1.118476,1.123986,1.128519,1.134212,1.135903,1.137931,1.141084,1.143473,1.145837,1.147314,1.14625,1.150253,1.146932
555,1.115354,1.115201,1.120016,1.122407,1.129314,1.134132,1.134514,1.137832,1.140495,1.141762,1.146627,1.14658,1.148566,1.148466,1.148199
556,1.111945,1.113299,1.116318,1.121614,1.125852,1.13013,1.135608,1.136198,1.138106,1.140316,1.144682,1.145411,1.146873,1.146078,1.146369
557,1.113457,1.111724,1.116083,1.121031,1.124821,1.131025,1.134922,1.137684,1.13723,1.142047,1.143229,1.146047,1.145651,1.14833,1.147215
558,1.111824,1.113865,1.116715,1.120559,1.125877,1.130383,1.134203,1.137712,1.141837,1.142018,1.143825,1.145742,1.147223,1.146453,1.148219
559,1.115316,1.114779,1.118128,1.122776,1.130175,1.132466,1.135855,1.138989,1.140573,1.14229,1.144995,1.149649,1.14796,1.149733,1.150512
560,1.11555,1.113039,1.117383,1.120811,1.127342,1.133396,1.138006,1.140836,1.143009,1.144124,1.146928,1.148679,1.15164,1.150707,1.149482
561,1.115837,1.114854,1.120183,1.123309,1.128764,1.133885,1.139052,1.139245,1.141807,1.144514,1.146953,1.150776,1.151983,1.153591,1.151796
562,1.117485,1.11542,1.122601,1.125272,1.131297,1.136577,1.140858,1.144249,1.14629,1.146549,1.152082,1.152346,1.154522,1.154401,1.153753
563,1.118644,1.118583,1.12236,1.128319,1.132781,1.134052,1.140681,1.144223,1.146323,1.150473,1.150134,1.153999,1.154237,1.157902,1.154941
564,1.120187,1.116653,1.122831,1.129395,1.132236,1.137848,1.141838,1.144136,1.147091,1.148572,1.152861,1.152842,1.155688,1.157815,1.157036
565,1.119772,1.119408,1.121613,1.126321,1.130112,1.135659,1.141419,1.14262,1.147618,1.150936,1.152487,1.155459,1.158839,1.158118,1.155208
566,1.119135,1.11759,1.121102,1.128495,1.133541,1.137923,1.141949,1.145202,1.14754,1.150325,1.154277,1.155772,1.157622,1.158347,1.157816
567,1.118015,1.118178,1.121779,1.126231,1.132639,1.135889,1.140011,1.146712,1.147228,1.149357,1.152723,1.157744,1.157904,1.159326,1.156802
568,1.117801,1.116398,1.121045,1.12565,1.131639,1.136276,1.141389,1.144123,1.146856,1.150288,1.151613,1.155978,1.156665,1.159739,1.156578
569,1.11457,1.115964,1.120692,1.124058,1.131194,1.137932,1.140748,1.144533,1.14862,1.149628,1.152887,1.156022,1.156333,1.160177,1.157992
570,1.113737,1.113581,1.118343,1.123216,1.130046,1.135715,1.14204,1.144047,1.144371,1.148186,1.151452,1.153635,1.156594,1.159288,1.154405
571,1.109308,1.109485,1.115034,1.119287,1.127201,1.131693,1.136584,1.13985,1.142859,1.146193,1.150558,1.151288,1.152491,1.155873,1.152555
572,1.108208,1.107376,1.113717,1.118298,1.127385,1.131299,1.134851,1.139722,1.141099,1.144766,1.147787,1.149716,1.153075,1.154875,1.153634
573,1.111144,1.108768,1.112499,1.12124,1.125926,1.131662,1.136084,1.140136,1.142693,1.145982,1.147734,1.153015,1.155354,1.157004,1.155182
574,1.110445,1.110504,1.114774,1.120602,1.126908,1.131554,1.137029,1.141133,1.143677,1.146191,1.150371,1.15324,1.156461,1.157863,1.156092
575,1.110798,1.110916,1.115861,1.119633,1.126764,1.134151,1.138207,1.14245,1.144603,1.148575,1.151023,1.154256,1.15702,1.158305,1.157476
576,1.110234,1.108993,1.113441,1.119259,1.125645,1.132549,1.138224,1.142405,1.145413,1.146512,1.151154,1.154148,1.157022,1.158494,1.157838
577,1.110711,1.10858,1.113705,1.120311,1.126278,1.132197,1.135401,1.138467,1.146048,1.14765,1.149967,1.155748,1.158405,1.157643,1.157354
578,1.108936,1.107787,1.113776,1.118334,1.12328,1.131244,1.136467,1.13837,1.143255,1.146811,1.151237,1.153628,1.153808,1.156912,1.157111
579,1.105536,1.103766,1.107463,1.114771,1.122,1.128114,1.133277,1.13716,1.141074,1.144908,1.146748,1.151895,1.15469,1.156041,1.152742
580,1.103668,1.100963,1.105409,1.113007,1.118872,1.123183,1.130078,1.133157,1.136747,1.142775,1.142972,1.148475,1.151788,1.152323,1.152186
581,1.099921,1.097401,1.102836,1.108981,1.115968,1.122781,1.125851,1.130475,1.136316,1.138188,1.142162,1.14481,1.147467,1.150771,1.149954
582,1.095846,1.0956,1.098686,1.106497,1.112623,1.119877,1.124202,1.129844,1.132801,1.135928,1.139295,1.143399,1.147649,1.14784,1.148151
583,1.094795,1.094624,1.099596,1.106069,1.111358,1.118839,1.123283,1.129808,1.131536,1.135195,1.139897,1.142741,1.146077,1.147454,1.146655
584,1.094429,1.092094,1.097416,1.102737,1.110585,1.117113,1.121748,1.126131,1.129014,1.131454,1.136908,1.14118,1.143478,1.146163,1.14491
585,1.09065,1.088973,1.095596,1.100249,1.105951,1.114549,1.11952,1.123412,1.126357,1.131853,1.136348,1.138878,1.143559,1.143677,1.142979
586,1.087101,1.08579,1.091591,1.098702,1.104417,1.110201,1.11597,1.12215,1.125149,1.127545,1.133639,1.136605,1.138541,1.141191,1.141493
587,1.086466,1.085703,1.090186,1.095886,1.103402,1.110518,1.113769,1.118742,1.124143,1.126533,1.130204,1.133409,1.137156,1.139304,1.138122
588,1.082649,1.080654,1.085874,1.092244,1.099273,1.10728,1.110892,1.115353,1.119197,1.122759,1.128167,1.130752,1.133828,1.137625,1.134684
589,1.079093,1.078508,1.082623,1.088609,1.095752,1.10081,1.106676,1.113468,1.116295,1.120451,1.12366,1.128158,1.131892,1.132822,1.135176
590,1.075311,1.07504,1.079625,1.085277,1.09291,1.098638,1.104543,1.110498,1.113521,1.117622,1.121196,1.124104,1.128454,1.128923,1.128834
591,1.072626,1.06961,1.075802,1.081298,1.088158,1.094536,1.099901,1.10439,1.108693,1.111911,1.115804,1.121153,1.124594,1.125767,1.125826
592,1.065971,1.066052,1.07207,1.077133,1.083981,1.091432,1.094842,1.101681,1.104083,1.109606,1.112075,1.117072,1.118472,1.121526,1.122327
593,1.063776,1.061643,1.067191,1.071898,1.079555,1.084951,1.091574,1.094967,1.101079,1.105613,1.10903,1.111707,1.11586,1.118216,1.118544
594,1.058378,1.059279,1.062622,1.070228,1.075224,1.085308,1.086357,1.091555,1.098904,1.101354,1.104635,1.108522,1.112452,1.114256,1.116296
595,1.054987,1.055469,1.059415,1.065199,1.071111,1.07868,1.085226,1.090091,1.093669,1.09828,1.100611,1.105427,1.110155,1.110072,1.111523
596,1.052862,1.052019,1.057478,1.062495,1.066886,1.075323,1.080864,1.085411,1.090793,1.09635,1.09813,1.102311,1.107247,1.108885,1.108821
597,1.050693,1.049129,1.054849,1.061515,1.068213,1.072322,1.079942,1.083339,1.087802,1.092643,1.096917,1.101768,1.105654,1.10733,1.108971
598,1.046332,1.04853,1.052029,1.058015,1.063409,1.070349,1.076896,1.080757,1.085398,1.089798,1.093271,1.097462,1.10022,1.103713,1.102997
599,1.044819,1.046392,1.049536,1.055177,1.061231,1.06565,1.074032,1.078816,1.081515,1.086382,1.090303,1.096567,1.099103,1.100719,1.101174
600,1.040932,1.041726,1.045033,1.051323,1.056335,1.065229,1.069178,1.073611,1.079633,1.082161,1.088298,1.092589,1.096308,1.098031,1.098175
601,1.039887,1.040167,1.045132,1.049058,1.057124,1.064204,1.068224,1.071552,1.078414,1.081588,1.086564,1.091033,1.095561,1.09835,1.09504
602,1.037652,1.037762,1.041993,1.04749,1.053686,1.062082,1.065384,1.069437,1.075868,1.081177,1.084031,1.089768,1.091926,1.092286,1.095255
603,1.037855,1.034674,1.040558,1.044545,1.051073,1.05616,1.063864,1.068724,1.072209,1.077017,1.080567,1.085352,1.088535,1.092681,1.092555
604,1.033895,1.031624,1.037764,1.042876,1.048989,1.052336,1.060201,1.065982,1.069878,1.074401,1.076968,1.084021,1.086931,1.089835,1.089054
605,1.031689,1.030838,1.036527,1.040687,1.046695,1.051933,1.058485,1.062917,1.067021,1.073412,1.076596,1.080549,1.086852,1.086977,1.089357
606,1.027603,1.025641,1.031025,1.036356,1.040998,1.050364,1.05437,1.060312,1.06528,1.066807,1.071812,1.07703,1.080161,1.083392,1.085665
607,1.022843,1.021946,1.025173,1.030655,1.037741,1.046012,1.047944,1.055059,1.059895,1.064372,1.069042,1.072942,1.075721,1.078871,1.08265
608,1.018805,1.018201,1.022344,1.028646,1.033542,1.041414,1.044613,1.051753,1.055186,1.060001,1.065597,1.067076,1.073514,1.073676,1.077257
609,1.017257,1.015339,1.019035,1.02536,1.031869,1.036565,1.04171,1.046121,1.051878,1.056247,1.061105,1.064346,1.070741,1.07226,1.073805
610,1.012929,1.012387,1.015816,1.02101,1.027007,1.033735,1.038496,1.043844,1.047672,1.052451,1.057533,1.060081,1.063878,1.069553,1.069787
611,1.01059,1.006878,1.011058,1.016008,1.022295,1.028428,1.032937,1.039064,1.043714,1.047615,1.054776,1.057052,1.062325,1.063635,1.066831
612,1.005455,1.002738,1.007924,1.01204,1.018356,1.024447,1.029328,1.035912,1.038951,1.044631,1.049532,1.054463,1.058065,1.059925,1.060479
613,0.998577,0.999144,1.003318,1.007228,1.01435,1.019594,1.025822,1.028631,1.035811,1.040888,1.042336,1.049182,1.054497,1.052873,1.057714
614,0.995307,0.994606,0.997363,1.003992,1.009326,1.016955,1.019957,1.025114,1.030049,1.036474,1.040017,1.045382,1.047625,1.050046,1.052972
615,0.989187,0.989625,0.994725,0.99941,1.004875,1.012394,1.016502,1.020633,1.027325,1.031429,1.036352,1.041914,1.042322,1.046284,1.050471
616,0.987746,0.983122,0.988581,0.993196,0.999014,1.004871,1.009657,1.014612,1.021364,1.02593,1.030921,1.03477,1.03962,1.039233,1.042513
617,0.982891,0.981377,0.984129,0.988438,0.994506,0.999868,1.006931,1.01098,1.017467,1.020215,1.0238,1.031011,1.03461,1.036916,1.04037
618,0.979053,0.97762,0.980311,0.984948,0.99035,0.995427,1.002047,1.007586,1.011608,1.01528,1.019764,1.025499,1.029141,1.03088,1.035545
619,0.974872,0.972846,0.978218,0.98124,0.987955,0.993825,0.998649,1.003839,1.008825,1.013215,1.016648,1.02071,1.027364,1.029356,1.03159
620,0.972796,0.971633,0.973902,0.980487,0.983972,0.989534,0.994844,1.000042,1.006192,1.010411,1.01494,1.017962,1.0218,1.024931,1.029738
621,0.968666,0.967709,0.971275,0.974275,0.979069,0.985904,0.991676,0.995642,1.001234,1.006041,1.009118,1.013807,1.018836,1.02054,1.022961
622,0.966467,0.964482,0.968938,0.973501,0.977873,0.983245,0.988334,0.994054,0.997152,1.00233,1.005123,1.012862,1.015188,1.017846,1.021213
623,0.966116,0.96074,0.965319,0.970121,0.976128,0.981747,0.984842,0.990023,0.994963,0.998789,1.003816,1.009907,1.010752,1.01606,1.01938
624,0.960384,0.958118,0.960294,0.966478,0.969279,0.975749,0.982336,0.985935,0.989904,0.993166,0.999906,1.003807,1.007539,1.01163,1.014477
625,0.959261,0.954672,0.956766,0.962591,0.967753,0.973521,0.976621,0.982864,0.986686,0.991282,0.996781,1.002357,1.007073,1.005961,1.011934
626,0.953951,0.950543,0.954608,0.959841,0.964572,0.96933,0.974437,0.978871,0.983719,0.98712,0.991549,0.997139,1.00175,1.004915,1.009853
627,0.950809,0.949229,0.952133,0.953824,0.960387,0.964864,0.967729,0.974456,0.978673,0.984002,0.988685,0.99309,0.997141,1.00151,1.002207
628,0.947046,0.945486,0.94957,0.952896,0.955479,0.962062,0.966402,0.970139,0.974511,0.980218,0.983485,0.989144,0.995485,0.996949,0.998178
629,0.943736,0.940079,0.943784,0.949102,0.951311,0.957752,0.962565,0.964709,0.971108,0.97528,0.980123,0.984266,0.989002,0.993314,0.99452
630,0.936867,0.936585,0.940188,0.94259,0.945891,0.952789,0.956412,0.960967,0.965569,0.970867,0.97487,0.978924,0.981035,0.985208,0.991891
631,0.934612,0.93285,0.935767,0.939986,0.943357,0.948538,0.953234,0.958822,0.962638,0.966012,0.971227,0.976363,0.980477,0.98314,0.988217
632,0.933619,0.929874,0.932192,0.936169,0.939327,0.944132,0.947706,0.953324,0.959154,0.962299,0.966157,0.971319,0.974033,0.976968,0.98345
633,0.929397,0.925771,0.930507,0.93246,0.936895,0.941682,0.943297,0.949944,0.954861,0.960146,0.963347,0.968143,0.972546,0.972792,0.979113
634,0.922853,0.921632,0.925517,0.927381,0.932669,0.935939,0.941458,0.944424,0.949264,0.955099,0.956449,0.96257,0.967979,0.968297,0.974015
635,0.919492,0.91595,0.919708,0.924128,0.925492,0.930561,0.935059,0.94021,0.944029,0.949909,0.953124,0.957132,0.96049,0.965633,0.969075
636,0.918366,0.916484,0.91697,0.922811,0.925137,0.928977,0.936114,0.937942,0.942509,0.948824,0.951632,0.95537,0.96211,0.96281,0.966514
637,0.913518,0.90881,0.912697,0.91652,0.918569,0.923935,0.927569,0.93251,0.937607,0.939956,0.945956,0.94918,0.954335,0.955509,0.96171
638,0.90798,0.904943,0.903922,0.910622,0.913184,0.918015,0.921298,0.926134,0.930611,0.934477,0.941219,0.945319,0.944828,0.949561,0.956542
639,0.90483,0.900313,0.90147,0.905541,0.90743,0.913294,0.916358,0.923115,0.926018,0.928871,0.933552,0.937995,0.941343,0.945746,0.952199
640,0.898733,0.896128,0.89855,0.900849,0.905019,0.908718,0.911557,0.91658,0.921338,0.923618,0.929703,0.931778,0.937364,0.939655,0.945124
641,0.894089,0.892782,0.894591,0.896545,0.899898,0.904636,0.907851,0.912543,0.916696,0.919828,0.923987,0.929741,0.934109,0.935692,0.940424
642,0.891361,0.887398,0.890907,0.890664,0.895487,0.899907,0.903675,0.90757,0.911289,0.915613,0.919893,0.923767,0.928188,0.931395,0.935995
643,0.888361,0.884301,0.887368,0.889223,0.89358,0.897155,0.90019,0.905324,0.907522,0.912896,0.915263,0.920547,0.923898,0.927578,0.934068
644,0.885391,0.882424,0.885178,0.886984,0.88886,0.892705,0.897223,0.900762,0.904015,0.908211,0.913835,0.917304,0.920501,0.92316,0.929997
645,0.883593,0.881665,0.883149,0.885013,0.888643,0.891803,0.896106,0.899599,0.900907,0.905342,0.912084,0.916459,0.920322,0.923364,0.926314
646,0.882286,0.87959,0.881277,0.884873,0.885809,0.889417,0.893311,0.896855,0.900444,0.904716,0.908175,0.914417,0.917192,0.920901,0.924593
647,0.881717,0.878514,0.881414,0.882998,0.885266,0.88795,0.89259,0.89748,0.900346,0.904242,0.907841,0.912945,0.917606,0.919427,0.923702
648,0.880088,0.876978,0.878611,0.879816,0.882518,0.887434,0.890775,0.892801,0.897711,0.900878,0.905581,0.910066,0.9142,0.916226,0.920663
649,0.877669,0.874002,0.876827,0.879028,0.881847,0.885888,0.888275,0.891589,0.89607,0.897377,0.902567,0.90843,0.911181,0.914751,0.918519
650,0.876303,0.873211,0.874616,0.875078,0.879797,0.880928,0.886678,0.889362,0.893344,0.897323,0.901248,0.904672,0.908427,0.910732,0.915784
651,0.873126,0.871091,0.871558,0.872843,0.87779,0.880943,0.883064,0.887778,0.891412,0.89531,0.899013,0.902381,0.906922,0.909189,0.916061
652,0.871281,0.867548,0.870187,0.870154,0.873448,0.876788,0.87972,0.882258,0.886046,0.89116,0.894238,0.897795,0.902793,0.905737,0.912443
653,0.867138,0.86512,0.865011,0.866999,0.86954,0.871806,0.874633,0.877641,0.883602,0.887336,0.88847,0.8927,0.897834,0.900451,0.905979
654,0.863819,0.861215,0.862668,0.863891,0.867753,0.86852,0.873927,0.877451,0.879928,0.883585,0.887575,0.891725,0.893871,0.897865,0.904729
655,0.859922,0.856871,0.857186,0.860377,0.861877,0.864373,0.870555,0.87083,0.874694,0.879611,0.88091,0.885928,0.89141,0.890638,0.896864
656,0.855962,0.853071,0.855536,0.857851,0.859399,0.862528,0.865728,0.869405,0.870923,0.874813,0.879949,0.884028,0.885186,0.889787,0.895763
657,0.852923,0.852457,0.853652,0.851858,0.855176,0.858121,0.860847,0.8644,0.867936,0.871186,0.87316,0.88031,0.881912,0.883568,0.890927
658,0.850243,0.84755,0.849882,0.848596,0.852524,0.853405,0.855542,0.861358,0.863544,0.865516,0.869241,0.873775,0.879402,0.880417,0.885007
659,0.844879,0.845043,0.842597,0.847605,0.847895,0.84967,0.853116,0.85606,0.858027,0.862706,0.863338,0.869823,0.873065,0.876161,0.880138
660,0.845053,0.842053,0.843972,0.844995,0.845586,0.849966,0.851304,0.854624,0.859126,0.861807,0.865373,0.869878,0.870482,0.877462,0.8807
661,0.843452,0.838174,0.840731,0.840575,0.842045,0.841899,0.848403,0.850896,0.853084,0.8577,0.861853,0.863831,0.867632,0.870226,0.875476
662,0.837251,0.83554,0.836618,0.838314,0.839662,0.842442,0.843042,0.847166,0.84981,0.852244,0.858058,0.858329,0.866468,0.869229,0.871453
663,0.836236,0.834251,0.833665,0.835874,0.836659,0.836688,0.841879,0.843624,0.847149,0.848997,0.851539,0.857565,0.859093,0.863924,0.86864
664,0.832423,0.826322,0.830308,0.831233,0.828544,0.833993,0.837286,0.839356,0.840037,0.846675,0.848536,0.852582,0.855811,0.858761,0.863578
665,0.830222,0.82782,0.8299,0.82856,0.829725,0.831712,0.834211,0.835781,0.839069,0.843371,0.84562,0.852635,0.853291,0.855353,0.864549
666,0.83,0.825495,0.827801,0.825633,0.826085,0.829621,0.83032,0.835223,0.835882,0.840131,0.842245,0.846792,0.851814,0.853942,0.85884
667,0.826765,0.824475,0.825715,0.824467,0.824712,0.827497,0.828118,0.833739,0.834718,0.839989,0.838098,0.844843,0.847403,0.849627,0.855695
668,0.823368,0.819186,0.821111,0.820996,0.824113,0.822959,0.826908,0.828599,0.832497,0.834552,0.838611,0.843283,0.846263,0.847581,0.852537
669,0.821564,0.818506,0.81744,0.81858,0.818708,0.818889,0.82311,0.827154,0.829711,0.831552,0.834425,0.839186,0.842951,0.845107,0.850641
670,0.820777,0.816996,0.817588,0.816602,0.816504,0.821689,0.822821,0.825028,0.828142,0.831846,0.83478,0.838226,0.841087,0.841571,0.848454
671,0.815292,0.814371,0.811095,0.813105,0.8151,0.815977,0.817669,0.82061,0.82131,0.828357,0.829771,0.83155,0.837222,0.837513,0.843125
672,0.811321,0.809385,0.808757,0.810449,0.812508,0.809222,0.81087,0.815108,0.819631,0.819669,0.822543,0.824454,0.831338,0.833344,0.839077
673,0.806726,0.805125,0.80703,0.807983,0.806754,0.807679,0.812362,0.813106,0.813764,0.81728,0.819545,0.824169,0.827577,0.829429,0.836467
674,0.805369,0.802993,0.801763,0.802207,0.802865,0.805739,0.805819,0.809162,0.81096,0.814141,0.817913,0.820183,0.822231,0.82753,0.828167
675,0.801203,0.798451,0.800562,0.798379,0.797874,0.799976,0.802117,0.801916,0.8062,0.806891,0.813273,0.814942,0.819175,0.821963,0.825438
676,0.799154,0.793061,0.794162,0.794285,0.791112,0.794775,0.798236,0.798077,0.802797,0.805178,0.807658,0.812682,0.813846,0.81694,0.821632
677,0.79662,0.792944,0.795524,0.79236,0.792424,0.793753,0.794675,0.79625,0.797994,0.803944,0.804293,0.808751,0.810432,0.813126,0.818907
678,0.79294,0.792763,0.792382,0.789858,0.791034,0.791372,0.79535,0.794571,0.799769,0.799542,0.804671,0.80708,0.809607,0.81432,0.816357
679,0.79384,0.786266,0.789881,0.789271,0.787477,0.789309,0.790462,0.789939,0.794658,0.796815,0.799158,0.80088,0.804116,0.80772,0.812546
680,0.787836,0.784848,0.783118,0.783,0.781407,0.783389,0.7839,0.786702,0.786571,0.790567,0.793685,0.796715,0.799933,0.804236,0.808004
681,0.786556,0.783999,0.785213,0.783423,0.783312,0.782289,0.783729,0.784483,0.787044,0.789595,0.793637,0.794443,0.800991,0.804126,0.805592
682,0.781341,0.779301,0.781401,0.778083,0.77578,0.779004,0.779949,0.779418,0.782816,0.784265,0.787158,0.792244,0.794463,0.796687,0.802353
683,0.781265,0.774703,0.776203,0.777527,0.775438,0.776768,0.779024,0.779251,0.780988,0.780593,0.785124,0.788731,0.791931,0.793644,0.800231
684,0.775295,0.771852,0.772919,0.77168,0.771527,0.769508,0.774649,0.774703,0.775371,0.778052,0.784387,0.783444,0.787287,0.789407,0.79575
685,0.772911,0.769194,0.770789,0.768462,0.772801,0.771199,0.768448,0.772349,0.771663,0.776261,0.776651,0.781164,0.782208,0.787669,0.791787
686,0.77075,0.76578,0.768972,0.766583,0.765708,0.767083,0.770052,0.767779,0.767067,0.772943,0.77373,0.778095,0.780647,0.780587,0.788382
687,0.767436,0.762356,0.760874,0.763612,0.764879,0.763517,0.762192,0.764747,0.765032,0.767378,0.770993,0.772194,0.776555,0.780241,0.782602
688,0.765351,0.761214,0.760722,0.760964,0.757069,0.761115,0.760706,0.760626,0.761177,0.764694,0.767391,0.770024,0.774872,0.774896,0.78222
689,0.763037,0.758009,0.759138,0.7579,0.755733,0.756927,0.757451,0.76235,0.760311,0.759727,0.766437,0.768557,0.771824,0.771773,0.776132
690,0.760542,0.755762,0.757363,0.755264,0.755167,0.752314,0.754498,0.754704,0.756368,0.759884,0.759933,0.765049,0.76763,0.768378,0.774905
691,0.754684,0.75203,0.751536,0.749726,0.751138,0.748583,0.751433,0.752842,0.751763,0.754171,0.756738,0.759581,0.763227,0.764105,0.771329
692,0.758319,0.751741,0.750729,0.749637,0.747181,0.750724,0.751188,0.750903,0.753139,0.754675,0.757058,0.761843,0.761271,0.762752,0.770659
693,0.751841,0.748849,0.749248,0.746999,0.747628,0.746178,0.746387,0.749546,0.749928,0.751048,0.754305,0.756746,0.75775,0.758835,0.765152
694,0.751038,0.747281,0.745751,0.74756,0.742866,0.742202,0.744243,0.746936,0.74704,0.747629,0.747675,0.750694,0.754103,0.75623,0.760555
695,0.750088,0.74309,0.742001,0.741636,0.738838,0.740692,0.740404,0.741686,0.740811,0.742021,0.745057,0.74828,0.750215,0.750391,0.757504
696,0.746185,0.741112,0.743196,0.741077,0.738252,0.738118,0.735341,0.74032,0.741841,0.741739,0.742779,0.749431,0.746325,0.748786,0.756531
697,0.740885,0.736917,0.737802,0.735147,0.733178,0.736367,0.735083,0.736793,0.738142,0.737505,0.74186,0.741712,0.745176,0.746731,0.754725
698,0.740941,0.737382,0.737402,0.733469,0.732333,0.736162,0.731904,0.733078,0.733861,0.735813,0.73802,0.739937,0.742649,0.744513,0.750294
699,0.74026,0.735691,0.733281,0.729651,0.730219,0.72951,0.729695,0.729533,0.731311,0.73184,0.736236,0.736528,0.737966,0.739307,0.749939
700,0.735869,0.734079,0.735731,0.73045,0.726633,0.727152,0.730217,0.728249,0.732757,0.730136,0.733358,0.736079,0.736252,0.740898,0.743593
701,0.735678,0.731889,0.730687,0.727097,0.725026,0.724175,0.725957,0.724554,0.728116,0.728024,0.730265,0.730397,0.734242,0.734509,0.74119
702,0.733158,0.727212,0.72784,0.724889,0.723455,0.724579,0.723365,0.72441,0.72297,0.724382,0.727334,0.72801,0.73329,0.733772,0.737557
703,0.728302,0.727709,0.723211,0.722116,0.720645,0.722886,0.720194,0.719752,0.719906,0.723069,0.725228,0.725546,0.727168,0.730932,0.736295
704,0.7269,0.722462,0.723005,0.719388,0.716839,0.7178,0.716948,0.716641,0.717754,0.717879,0.719273,0.722991,0.722355,0.724455,0.731847
705,0.728261,0.720792,0.722407,0.719721,0.716508,0.714852,0.714865,0.716311,0.714503,0.715293,0.717792,0.721425,0.722325,0.724448,0.729106
706,0.727119,0.722463,0.719506,0.717167,0.715948,0.714193,0.713655,0.715841,0.714833,0.716307,0.71736,0.721033,0.72044,0.719842,0.731308
707,0.722076,0.719442,0.716405,0.715932,0.710608,0.711539,0.712157,0.711653,0.709643,0.713192,0.71253,0.716835,0.719324,0.72014,0.725434
708,0.72169,0.71665,0.713396,0.714671,0.709462,0.710422,0.707348,0.707827,0.708716,0.710756,0.712776,0.713601,0.715014,0.714874,0.723523
709,0.718885,0.716627,0.71586,0.710802,0.70721,0.707488,0.706942,0.7055,0.706361,0.70854,0.709138,0.710646,0.712772,0.717721,0.721083
710,0.717363,0.71277,0.715148,0.711622,0.707814,0.705259,0.706947,0.704742,0.708025,0.706754,0.706845,0.709392,0.712127,0.713782,0.721229
711,0.715583,0.713269,0.71139,0.707849,0.702995,0.703038,0.705273,0.701831,0.703297,0.705964,0.703688,0.708266,0.706948,0.710024,0.716236
712,0.717587,0.710645,0.713097,0.707466,0.705122,0.705385,0.703805,0.70245,0.702199,0.702705,0.705037,0.708284,0.709693,0.710936,0.718804
713,0.716984,0.710793,0.707925,0.705183,0.704665,0.702497,0.701386,0.699461,0.697964,0.70265,0.703032,0.706728,0.706219,0.705984,0.715209
714,0.717406,0.71203,0.709543,0.708648,0.704442,0.702702,0.702003,0.70105,0.699948,0.700346,0.705143,0.705471,0.705853,0.706564,0.712627
715,0.714069,0.705627,0.706289,0.703831,0.700453,0.701546,0.698011,0.69694,0.699145,0.698723,0.699377,0.701522,0.703933,0.707606,0.711198
716,0.712527,0.70939,0.709046,0.704769,0.702127,0.70157,0.699893,0.69708,0.697888,0.698146,0.700625,0.70125,0.703337,0.705711,0.710988
717,0.714785,0.710092,0.710898,0.705952,0.701694,0.703665,0.700995,0.701639,0.697199,0.699083,0.701491,0.706008,0.704291,0.70442,0.710185
718,0.710343,0.706389,0.705996,0.706886,0.705164,0.701708,0.698384,0.695427,0.698761,0.701799,0.700544,0.697675,0.69803,0.707596,0.708146
719,0.714796,0.709641,0.706472,0.702369,0.698503,0.697755,0.697419,0.699346,0.698668,0.702272,0.699219,0.696282,0.700854,0.699053,0.705182
720,0.703206,0.70627,0.703393,0.698141,0.69811,0.698138,0.696623,0.695902,0.690931,0.693959,0.694761,0.69691,0.699051,0.695898,0.702783
721,0.705753,0.702287,0.702462,0.697608,0.691261,0.693607,0.691071,0.69052,0.690433,0.689394,0.692171,0.695038,0.694501,0.694502,0.702655
722,0.711055,0.704579,0.69936,0.69598,0.696506,0.693333,0.692484,0.6911,0.690625,0.690876,0.689355,0.692494,0.691161,0.692135,0.701281
723,0.706321,0.702472,0.702231,0.700019,0.695829,0.694022,0.692578,0.690213,0.689073,0.693564,0.691525,0.693094,0.695016,0.695403,0.702096
724,0.699948,0.696212,0.694436,0.69308,0.687835,0.684602,0.685915,0.682981,0.685332,0.686397,0.68485,0.689621,0.686293,0.685625,0.692156
725,0.704285,0.697113,0.697697,0.690962,0.686963,0.685616,0.687117,0.686608,0.683873,0.684449,0.683739,0.684104,0.688363,0.689576,0.692648
726,0.706443,0.699186,0.697975,0.69437,0.69378,0.687744,0.689908,0.68609,0.688049,0.686986,0.681926,0.687192,0.691256,0.692646,0.698098
727,0.701325,0.695446,0.698613,0.696629,0.692869,0.688008,0.682593,0.682308,0.683835,0.684825,0.68157,0.68566,0.693328,0.690631,0.694427
728,0.701482,0.697488,0.695174,0.690772,0.689111,0.688098,0.691594,0.687218,0.683592,0.687365,0.682522,0.683242,0.688012,0.687283,0.69269
729,0.701181,0.694863,0.692104,0.692898,0.686885,0.682487,0.682771,0.683415,0.682838,0.68381,0.68027,0.680206,0.688244,0.685687,0.691479
730,0.704777,0.700702,0.702332,0.696162,0.693822,0.692224,0.6861,0.679633,0.683183,0.68609,0.686627,0.692599,0.686791,0.690222,0.693419
731,0.706329,0.698118,0.698746,0.695055,0.689427,0.687699,0.687065,0.683139,0.685423,0.684495,0.683305,0.683222,0.68329,0.685485,0.694404
732,0.703399,0.701175,0.69809,0.692295,0.686618,0.692436,0.684193,0.680495,0.683712,0.686064,0.684,0.684045,0.684516,0.684235,0.692328
733,0.709908,0.703708,0.70256,0.695631,0.692371,0.690023,0.687508,0.686443,0.688112,0.684057,0.688355,0.690302,0.689199,0.688778,0.696016
734,0.708922,0.699108,0.701185,0.695968,0.692485,0.689011,0.690516,0.687778,0.69009,0.685135,0.679986,0.691332,0.688077,0.689069,0.695621
735,0.703591,0.705639,0.697402,0.697919,0.694436,0.685821,0.686571,0.685274,0.687495,0.683988,0.682691,0.685634,0.687343,0.684321,0.694533
736,0.709907,0.706559,0.703737,0.698358,0.693867,0.695342,0.690109,0.690021,0.688274,0.68507,0.686703,0.689708,0.692473,0.687961,0.694456
737,0.711301,0.70806,0.697873,0.697163,0.691229,0.684797,0.684498,0.686604,0.683709,0.682195,0.681553,0.686576,0.685156,0.686363,0.694852
738,0.708123,0.703675,0.702071,0.697204,0.692046,0.687571,0.688687,0.687276,0.685817,0.684684,0.688121,0.687683,0.685238,0.689399,0.690531
739,0.703666,0.697672,0.696282,0.693547,0.694394,0.692937,0.685046,0.684968,0.68288,0.681354,0.685437,0.68471,0.685595,0.687278,0.686507
740,0.702628,0.696839,0.694501,0.69188,0.68922,0.683701,0.678547,0.684849,0.675787,0.679536,0.679317,0.680257,0.67978,0.683031,0.691171
741,0.703688,0.699598,0.694872,0.696133,0.691319,0.688259,0.683982,0.678079,0.680176,0.678723,0.68178,0.681392,0.683548,0.681506,0.689537
742,0.702877,0.693499,0.700747,0.68983,0.684008,0.684097,0.681956,0.680509,0.674572,0.678242,0.680668,0.67776,0.675116,0.676291,0.684208
743,0.698393,0.696893,0.693225,0.683112,0.685625,0.680114,0.672718,0.675709,0.668104,0.669012,0.672559,0.6752,0.676332,0.677529,0.679476
744,0.700229,0.695603,0.694262,0.686013,0.681108,0.682307,0.675216,0.674657,0.676562,0.671665,0.671156,0.677832,0.673781,0.671042,0.680555
745,0.693668,0.694728,0.68907,0.686024,0.677874,0.676607,0.677175,0.668525,0.670313,0.663059,0.670716,0.668364,0.673563,0.668764,0.677602
746,0.692975,0.685971,0.686126,0.681648,0.673623,0.675294,0.666208,0.665084,0.666855,0.665025,0.665445,0.669949,0.669229,0.667234,0.6766
747,0.693348,0.6864,0.684394,0.681785,0.674069,0.671376,0.671888,0.671341,0.667412,0.671923,0.670485,0.666499,0.670007,0.669301,0.67435
748,0.696274,0.68935,0.683076,0.679886,0.676936,0.671008,0.669277,0.665979,0.666436,0.666563,0.667307,0.664038,0.670062,0.670846,0.672038
749,0.68946,0.682577,0.675486,0.673086,0.669573,0.669122,0.664007,0.661913,0.661721,0.665145,0.661789,0.658824,0.662505,0.663723,0.666529
750,0.683617,0.676502,0.680802,0.673281,0.668585,0.664281,0.664497,0.665459,0.660285,0.662299,0.659304,0.658355,0.663459,0.660141,0.666664
751,0.682224,0.679188,0.673242,0.671075,0.66672,0.665266,0.657625,0.657781,0.656852,0.660352,0.66198,0.657763,0.658003,0.655784,0.667695
752,0.682063,0.676898,0.671667,0.670158,0.664029,0.660738,0.659038,0.658558,0.653292,0.651052,0.653181,0.656757,0.648112,0.655638,0.659852
753,0.676621,0.676969,0.669609,0.667327,0.663051,0.655739,0.654977,0.654057,0.655625,0.653148,0.650918,0.651261,0.652176,0.65577,0.655045
754,0.680006,0.678934,0.672242,0.668478,0.668268,0.659755,0.654382,0.655344,0.652541,0.651197,0.645237,0.651402,0.658154,0.651,0.667149
755,0.68116,0.674529,0.67373,0.666173,0.658027,0.654726,0.66027,0.655887,0.658133,0.65644,0.651183,0.653112,0.653261,0.653125,0.658627
756,0.671222,0.667406,0.666205,0.65957,0.657607,0.651319,0.650791,0.64366,0.64524,0.641147,0.641974,0.640503,0.646776,0.644215,0.651446
757,0.680739,0.665815,0.666424,0.661562,0.662508,0.658117,0.65565,0.643835,0.651349,0.645694,0.648637,0.644194,0.643509,0.647239,0.65091
758,0.670286,0.671521,0.665091,0.664083,0.657237,0.650196,0.650825,0.644601,0.642665,0.640973,0.638585,0.640952,0.648059,0.644995,0.650206
759,0.670157,0.665702,0.667758,0.654055,0.653637,0.646546,0.649054,0.636758,0.635876,0.636482,0.634157,0.639875,0.636132,0.643899,0.649034
760,0.674332,0.664768,0.660913,0.657379,0.654759,0.654483,0.648675,0.651429,0.643262,0.63991,0.642964,0.640324,0.637965,0.640801,0.650796
761,0.666489,0.657818,0.658261,0.650787,0.649362,0.648164,0.644689,0.637054,0.637086,0.640898,0.637202,0.628742,0.63685,0.635491,0.642224
762,0.665814,0.665841,0.660525,0.655185,0.649571,0.642443,0.64049,0.640551,0.639674,0.636158,0.633271,0.630222,0.636508,0.631953,0.641265
763,0.660858,0.660004,0.662165,0.652577,0.645016,0.641071,0.639829,0.642545,0.638888,0.636983,0.634283,0.636845,0.638141,0.637666,0.64496
764,0.658286,0.656152,0.650806,0.649767,0.641823,0.639708,0.629919,0.632373,0.630518,0.632639,0.629082,0.625205,0.628015,0.630235,0.636561
765,0.661129,0.659183,0.649397,0.639369,0.642566,0.633316,0.631074,0.627417,0.625731,0.627168,0.622585,0.624687,0.625924,0.624129,0.629265
766,0.651323,0.656976,0.645123,0.642197,0.637122,0.632342,0.627589,0.621873,0.627324,0.622467,0.620108,0.620175,0.627207,0.620522,0.633406
767,0.648676,0.645716,0.64519,0.642345,0.634983,0.632976,0.62886,0.625584,0.621554,0.619595,0.617149,0.623167,0.613097,0.622104,0.619237
768,0.659811,0.657428,0.651028,0.652923,0.644455,0.638246,0.635763,0.621902,0.630629,0.625817,0.631882,0.625748,0.629239,0.618833,0.634652
769,0.649829,0.650427,0.646293,0.640395,0.628448,0.630068,0.621378,0.629606,0.619276,0.617644,0.623734,0.619653,0.619286,0.612705,0.627801
770,0.65234,0.640415,0.643077,0.637576,0.629042,0.623857,0.624555,0.624584,0.612596,0.612846,0.615813,0.619958,0.616599,0.616707,0.620865
771,0.64655,0.64888,0.638938,0.632266,0.627472,0.628487,0.617687,0.608786,0.617575,0.607393,0.612428,0.610789,0.606083,0.606819,0.610893
772,0.652463,0.641075,0.644021,0.637693,0.630142,0.628603,0.619157,0.619559,0.61539,0.615034,0.619939,0.60946,0.614776,0.610231,0.623116
773,0.63252,0.633323,0.629457,0.625887,0.622816,0.611168,0.60781,0.60575,0.608626,0.602884,0.602862,0.609376,0.602458,0.605033,0.611954
774,0.636404,0.632409,0.626442,0.631707,0.616386,0.620599,0.618393,0.610232,0.613856,0.60833,0.609016,0.603751,0.603712,0.602269,0.613394
775,0.639309,0.639297,0.629267,0.623719,0.615602,0.612889,0.615997,0.606518,0.603841,0.60115,0.599643,0.605458,0.599179,0.603098,0.605169
776,0.633795,0.633908,0.630578,0.628017,0.620415,0.618705,0.609688,0.603369,0.606048,0.607986,0.600182,0.602815,0.595795,0.608675,0.607466
777,0.637426,0.630226,0.626889,0.626208,0.621066,0.615099,0.621992,0.61144,0.604699,0.606958,0.598481,0.607138,0.602715,0.598849,0.609243
778,0.633555,0.633874,0.622,0.618205,0.617864,0.609168,0.607843,0.600371,0.605304,0.59586,0.602014,0.598308,0.596987,0.597006,0.603918
779,0.632949,0.629861,0.62447,0.621336,0.61905,0.610819,0.602996,0.602919,0.600649,0.595775,0.589232,0.601339,0.595741,0.588636,0.600887
780,0.62855,0.624619,0.626048,0.615552,0.61003,0.604044,0.599063,0.599566,0.596955,0.585958,0.594451,0.588,0.589983,0.59063,0.595552
781,0.623364,0.626688,0.62431,0.614517,0.60959,0.594169,0.601588,0.595904,0.58844,0.590294,0.590256,0.584046,0.590349,0.593012,0.595408
782,0.624426,0.618809,0.608052,0.603994,0.595478,0.602817,0.59469,0.588189,0.589939,0.58642,0.586523,0.580659,0.582606,0.578438,0.586638
783,0.619554,0.619122,0.616162,0.610685,0.609078,0.600837,0.593363,0.589807,0.588369,0.594333,0.592579,0.588508,0.582452,0.581732,0.591191
784,0.615038,0.608598,0.610713,0.601615,0.595404,0.593501,0.588162,0.586858,0.588188,0.572472,0.581266,0.582237,0.57648,0.580172,0.584551
785,0.619277,0.612522,0.615395,0.606203,0.59335,0.59723,0.590216,0.582782,0.580561,0.576079,0.580063,0.579674,0.5792,0.578247,0.588598
786,0.614102,0.614291,0.605139,0.602366,0.593121,0.588835,0.587777,0.577235,0.579287,0.574678,0.579436,0.572142,0.576974,0.57288,0.576262
787,0.613109,0.608147,0.602458,0.598403,0.597861,0.583092,0.582,0.577359,0.579559,0.574529,0.576101,0.569532,0.571878,0.56517,0.570473
788,0.611776,0.602445,0.603686,0.595819,0.58682,0.578623,0.584122,0.579714,0.579672,0.572119,0.570567,0.573623,0.567629,0.564704,0.567095
789,0.616146,0.613989,0.597676,0.598461,0.588931,0.582625,0.582951,0.583046,0.573652,0.566187,0.572801,0.56729,0.570368,0.570471,0.569946
790,0.606939,0.59868,0.59515,0.597112,0.588257,0.581613,0.576429,0.57892,0.562663,0.568992,0.557811,0.557036,0.562158,0.565181,0.57518
791,0.604618,0.593097,0.58999,0.585431,0.580256,0.580004,0.572156,0.572664,0.565359,0.566199,0.568492,0.563906,0.563117,0.566655,0.565765
792,0.597308,0.599131,0.586721,0.589233,0.582079,0.578075,0.573054,0.569599,0.565954,0.569442,0.565406,0.561051,0.550707,0.561171,0.562364
793,0.608144,0.599492,0.59852,0.591417,0.584668,0.57325,0.573881,0.57566,0.563047,0.570996,0.5566,0.558994,0.560726,0.565004,0.565681
794,0.597638,0.592756,0.584264,0.581736,0.566929,0.570058,0.566871,0.561266,0.558691,0.558216,0.55231,0.545867,0.552495,0.551619,0.554993
795,0.599867,0.585425,0.589531,0.586138,0.571545,0.57287,0.566823,0.572176,0.557896,0.559861,0.552856,0.549118,0.556827,0.551513,0.5551
796,0.593858,0.585918,0.583445,0.580174,0.574768,0.571837,0.56663,0.55933,0.563818,0.551064,0.553739,0.552738,0.548283,0.546456,0.55527
797,0.596905,0.591532,0.585805,0.578913,0.576945,0.570182,0.568661,0.563092,0.562037,0.558677,0.55402,0.554168,0.554399,0.554902,0.554426
798,0.58603,0.592018,0.590974,0.579064,0.577166,0.566308,0.566674,0.564201,0.564236,0.552016,0.554355,0.549261,0.557216,0.560868,0.553932
799,0.586868,0.583144,0.581625,0.573973,0.571286,0.56656,0.551962,0.55031,0.555409,0.548093,0.551502,0.559751,0.539581,0.545474,0.54732
800,0.585738,0.587552,0.584742,0.572296,0.564058,0.564364,0.552157,0.550087,0.549469,0.548436,0.545805,0.545224,0.545642,0.543469,0.550512
